<?xml version="1.0" encoding="UTF-8"?>
<metadata xml:lang="zh"><Esri><CreaDate>20140610</CreaDate><CreaTime>13445200</CreaTime><ArcGISFormat>1.0</ArcGISFormat><SyncOnce>TRUE</SyncOnce><DataProperties><lineage><Process ToolSource="d:\program files\arcgis\desktop10.1\ArcToolbox\Toolboxes\Data Management Tools.tbx\CalculateField" Date="20140530" Time="215009">CalculateField Export_Output_7 City_CN [City_CN_1] VB #</Process><Process ToolSource="d:\program files\arcgis\desktop10.1\ArcToolbox\Toolboxes\Data Management Tools.tbx\CalculateField" Date="20140530" Time="215037">CalculateField Export_Output_7 sdf [Type] VB #</Process><Process ToolSource="d:\program files\arcgis\desktop10.1\ArcToolbox\Toolboxes\Data Management Tools.tbx\CalculateField" Date="20140530" Time="215101">CalculateField Export_Output_7 Type [sdf] VB #</Process></lineage><itemProps><itemLocation><linkage Sync="TRUE">file://\\YAN-PC\C$\Users\YAN\Documents\ArcGIS\Default.gdb</linkage><protocol Sync="TRUE">Local Area Network</protocol></itemLocation></itemProps></DataProperties></Esri></metadata>
