<?xml version="1.0" encoding="UTF-8"?>
<metadata xml:lang="zh"><Esri><CreaDate>20140606</CreaDate><CreaTime>19462900</CreaTime><ArcGISFormat>1.0</ArcGISFormat><SyncOnce>TRUE</SyncOnce><DataProperties><lineage><Process ToolSource="d:\program files\arcgis\desktop10.1\ArcToolbox\Toolboxes\Data Management Tools.tbx\CalculateField" Date="20140530" Time="210539">CalculateField Export_Output_2 Prov_ID [Prov_ID_1] VB #</Process><Process ToolSource="d:\program files\arcgis\desktop10.1\ArcToolbox\Toolboxes\Data Management Tools.tbx\CalculateField" Date="20140530" Time="210614">CalculateField Export_Output_2 Prov_EN [Prov_EN_1] VB #</Process><Process ToolSource="d:\program files\arcgis\desktop10.1\ArcToolbox\Toolboxes\Data Management Tools.tbx\CalculateField" Date="20140530" Time="210638">CalculateField Export_Output_2 Type [Type_1] VB #</Process><Process ToolSource="d:\program files\arcgis\desktop10.1\ArcToolbox\Toolboxes\Data Management Tools.tbx\CalculateField" Date="20140530" Time="210723">CalculateField Export_Output_2 Prov_CN [Prov_CN_1] VB #</Process><Process ToolSource="d:\program files\arcgis\desktop10.1\ArcToolbox\Toolboxes\Data Management Tools.tbx\CalculateField" Date="20140530" Time="210752">CalculateField Export_Output_2 Type [Type_1] VB #</Process></lineage><itemProps><itemLocation><linkage Sync="TRUE">file://\\YAN-PC\C$\Users\YAN\Documents\ArcGIS\Default.gdb</linkage><protocol Sync="TRUE">Local Area Network</protocol></itemLocation></itemProps></DataProperties></Esri></metadata>
